,crawl_code
42760,7013935_11
42761,7013935_10
42762,7013935_12
42763,7013935_03
42764,7013935_04
42765,7013939_11
42766,7013939_10
42767,7013939_12
42768,7013939_03
42769,7013939_04
42770,7013915_11
42771,7013915_10
42772,7013915_12
42773,7013915_03
42774,7013915_04
42775,7013903_11
42776,7013903_10
42777,7013903_12
42778,7013903_03
42779,7013903_04
42780,7013931_11
42781,7013931_10
42782,7013931_12
42783,7013931_03
42784,7013931_04
42785,7013911_11
42786,7013911_10
42787,7013911_12
42788,7013911_03
42789,7013911_04
42790,7013929_11
42791,7013929_10
42792,7013929_12
42793,7013929_03
42794,7013929_04
42795,7013905_11
42796,7013905_10
42797,7013905_12
42798,7013905_03
42799,7013905_04
42800,7013927_11
42801,7013927_10
42802,7013927_12
42803,7013927_03
42804,7013927_04
42805,7013909_11
42806,7013909_10
42807,7013909_12
42808,7013909_03
42809,7013909_04
42810,7013937_11
42811,7013937_10
42812,7013937_12
42813,7013937_03
42814,7013937_04
42815,7013933_11
42816,7013933_10
42817,7013933_12
42818,7013933_03
42819,7013933_04
42820,7013913_11
42821,7013913_10
42822,7013913_12
42823,7013913_03
42824,7013913_04
42825,7013923_11
42826,7013923_10
42827,7013923_12
42828,7013923_03
42829,7013923_04
42830,7013925_11
42831,7013925_10
42832,7013925_12
42833,7013925_03
42834,7013925_04
42835,7013907_11
42836,7013907_10
42837,7013907_12
42838,7013907_03
42839,7013907_04
42840,7014301_11
42841,7014301_10
42842,7014301_12
42843,7014301_03
42844,7014301_04
42845,7014311_11
42846,7014311_10
42847,7014311_12
42848,7014311_03
42849,7014311_04
42850,7014309_11
42851,7014309_10
42852,7014309_12
42853,7014309_03
42854,7014309_04
42855,7014303_11
42856,7014303_10
42857,7014303_12
42858,7014303_03
42859,7014303_04
42860,7014313_11
42861,7014313_10
42862,7014313_12
42863,7014313_03
42864,7014313_04
42865,7014307_11
42866,7014307_10
42867,7014307_12
42868,7014307_03
42869,7014307_04
42870,7014305_11
42871,7014305_10
42872,7014305_12
42873,7014305_03
42874,7014305_04
42875,7013501_11
42876,7013501_10
42877,7013501_12
42878,7013501_03
42879,7013501_04
42880,7013525_11
42881,7013525_10
42882,7013525_12
42883,7013525_03
42884,7013525_04
42885,7013531_11
42886,7013531_10
42887,7013531_12
42888,7013531_03
42889,7013531_04
42890,7013537_11
42891,7013537_10
42892,7013537_12
42893,7013537_03
42894,7013537_04
42895,7013513_11
42896,7013513_10
42897,7013513_12
42898,7013513_03
42899,7013513_04
42900,7013533_11
42901,7013533_10
42902,7013533_12
42903,7013533_03
42904,7013533_04
42905,7013503_11
42906,7013503_10
42907,7013503_12
42908,7013503_03
42909,7013503_04
42910,7013529_11
42911,7013529_10
42912,7013529_12
42913,7013529_03
42914,7013529_04
42915,7013539_11
42916,7013539_10
42917,7013539_12
42918,7013539_03
42919,7013539_04
42920,7013523_11
42921,7013523_10
42922,7013523_12
42923,7013523_03
42924,7013523_04
42925,7013511_11
42926,7013511_10
42927,7013511_12
42928,7013511_03
42929,7013511_04
42930,7013535_11
42931,7013535_10
42932,7013535_12
42933,7013535_03
42934,7013535_04
42935,7013521_11
42936,7013521_10
42937,7013521_12
42938,7013521_03
42939,7013521_04
42940,7013509_11
42941,7013509_10
42942,7013509_12
42943,7013509_03
42944,7013509_04
42945,7013541_11
42946,7013541_10
42947,7013541_12
42948,7013541_03
42949,7013541_04
42950,7013527_11
42951,7013527_10
42952,7013527_12
42953,7013527_03
42954,7013527_04
42955,7013515_11
42956,7013515_10
42957,7013515_12
42958,7013515_03
42959,7013515_04
42960,7013519_11
42961,7013519_10
42962,7013519_12
42963,7013519_03
42964,7013519_04
42965,7013517_11
42966,7013517_10
42967,7013517_12
42968,7013517_03
42969,7013517_04
42970,7013507_11
42971,7013507_10
42972,7013507_12
42973,7013507_03
42974,7013507_04
42975,7013505_11
42976,7013505_10
42977,7013505_12
42978,7013505_03
42979,7013505_04
42980,7013701_11
42981,7013701_10
42982,7013701_12
42983,7013701_03
42984,7013701_04
42985,7013719_11
42986,7013719_10
42987,7013719_12
42988,7013719_03
42989,7013719_04
42990,7013711_11
42991,7013711_10
42992,7013711_12
42993,7013711_03
42994,7013711_04
42995,7013707_11
42996,7013707_10
42997,7013707_12
42998,7013707_03
42999,7013707_04
43000,7013721_11
43001,7013721_10
43002,7013721_12
43003,7013721_03
43004,7013721_04
43005,7013705_11
43006,7013705_10
43007,7013705_12
43008,7013705_03
43009,7013705_04
43010,7013703_11
43011,7013703_10
43012,7013703_12
43013,7013703_03
43014,7013703_04
43015,7013715_11
43016,7013715_10
43017,7013715_12
43018,7013715_03
43019,7013715_04
43020,7013723_11
43021,7013723_10
43022,7013723_12
43023,7013723_03
43024,7013723_04
43025,7013713_11
43026,7013713_10
43027,7013713_12
43028,7013713_03
43029,7013713_04
43030,7013717_11
43031,7013717_10
43032,7013717_12
43033,7013717_03
43034,7013717_04
43035,7013709_11
43036,7013709_10
43037,7013709_12
43038,7013709_03
43039,7013709_04
43040,7014101_11
43041,7014101_10
43042,7014101_12
43043,7014101_03
43044,7014101_04
43045,7014113_11
43046,7014113_10
43047,7014113_12
43048,7014113_03
43049,7014113_04
43050,7014111_11
43051,7014111_10
43052,7014111_12
43053,7014111_03
43054,7014111_04
43055,7014109_11
43056,7014109_10
43057,7014109_12
43058,7014109_03
43059,7014109_04
43060,7014103_11
43061,7014103_10
43062,7014103_12
43063,7014103_03
43064,7014103_04
43065,7014105_11
43066,7014105_10
43067,7014105_12
43068,7014105_03
43069,7014105_04
43070,7014107_11
43071,7014107_10
43072,7014107_12
43073,7014107_03
43074,7014107_04
43075,7010105_11
43076,7010105_10
43077,7010105_12
43078,7010105_03
43079,7010105_04
43080,7010107_11
43081,7010107_10
43082,7010107_12
43083,7010107_03
43084,7010107_04
43085,7010113_11
43086,7010113_10
43087,7010113_12
43088,7010113_03
43089,7010113_04
43090,7010119_11
43091,7010119_10
43092,7010119_12
43093,7010119_03
43094,7010119_04
43095,7010115_11
43096,7010115_10
43097,7010115_12
43098,7010115_03
43099,7010115_04
43100,7010117_11
43101,7010117_10
43102,7010117_12
43103,7010117_03
43104,7010117_04
43105,7010109_11
43106,7010109_10
43107,7010109_12
43108,7010109_03
43109,7010109_04
43110,7010111_11
43111,7010111_10
43112,7010111_12
43113,7010111_03
43114,7010111_04
43115,7010101_11
43116,7010101_10
43117,7010101_12
43118,7010101_03
43119,7010101_04
43120,7010103_11
43121,7010103_10
43122,7010103_12
43123,7010103_03
43124,7010103_04
43125,7011909_11
43126,7011909_10
43127,7011909_12
43128,7011909_03
43129,7011909_04
43130,7011901_11
43131,7011901_10
43132,7011901_12
43133,7011901_03
43134,7011901_04
43135,7011903_11
43136,7011903_10
43137,7011903_12
43138,7011903_03
43139,7011903_04
43140,7011905_11
43141,7011905_10
43142,7011905_12
43143,7011905_03
43144,7011905_04
43145,7011907_11
43146,7011907_10
43147,7011907_12
43148,7011907_03
43149,7011907_04
43150,7011911_11
43151,7011911_10
43152,7011911_12
43153,7011911_03
43154,7011911_04
43155,7011913_11
43156,7011913_10
43157,7011913_12
43158,7011913_03
43159,7011913_04
43160,7011915_11
43161,7011915_10
43162,7011915_12
43163,7011915_03
43164,7011915_04
43165,7011917_11
43166,7011917_10
43167,7011917_12
43168,7011917_03
43169,7011917_04
43170,7011919_11
43171,7011919_10
43172,7011919_12
43173,7011919_03
43174,7011919_04
43175,7011921_11
43176,7011921_10
43177,7011921_12
43178,7011921_03
43179,7011921_04
43180,7011923_11
43181,7011923_10
43182,7011923_12
43183,7011923_03
43184,7011923_04
43185,7011925_11
43186,7011925_10
43187,7011925_12
43188,7011925_03
43189,7011925_04
43190,7011927_11
43191,7011927_10
43192,7011927_12
43193,7011927_03
43194,7011927_04
43195,7011929_11
43196,7011929_10
43197,7011929_12
43198,7011929_03
43199,7011929_04
43200,7012101_11
43201,7012101_10
43202,7012101_12
43203,7012101_03
43204,7012101_04
43205,7012119_11
43206,7012119_10
43207,7012119_12
43208,7012119_03
43209,7012119_04
43210,7012121_11
43211,7012121_10
43212,7012121_12
43213,7012121_03
43214,7012121_04
43215,7012123_11
43216,7012123_10
43217,7012123_12
43218,7012123_03
43219,7012123_04
43220,7012125_11
43221,7012125_10
43222,7012125_12
43223,7012125_03
43224,7012125_04
43225,7012127_11
43226,7012127_10
43227,7012127_12
43228,7012127_03
43229,7012127_04
43230,7012129_11
43231,7012129_10
43232,7012129_12
43233,7012129_03
43234,7012129_04
43235,7012131_11
43236,7012131_10
43237,7012131_12
43238,7012131_03
43239,7012131_04
43240,7012103_11
43241,7012103_10
43242,7012103_12
43243,7012103_03
43244,7012103_04
43245,7012105_11
43246,7012105_10
43247,7012105_12
43248,7012105_03
43249,7012105_04
43250,7012107_11
43251,7012107_10
43252,7012107_12
43253,7012107_03
43254,7012107_04
43255,7012109_11
43256,7012109_10
43257,7012109_12
43258,7012109_03
43259,7012109_04
43260,7012111_11
43261,7012111_10
43262,7012111_12
43263,7012111_03
43264,7012111_04
43265,7012113_11
43266,7012113_10
43267,7012113_12
43268,7012113_03
43269,7012113_04
43270,7012115_11
43271,7012115_10
43272,7012115_12
43273,7012115_03
43274,7012115_04
43275,7012117_11
43276,7012117_10
43277,7012117_12
43278,7012117_03
43279,7012117_04
43280,7012321_11
43281,7012321_10
43282,7012321_12
43283,7012321_03
43284,7012321_04
43285,7012305_11
43286,7012305_10
43287,7012305_12
43288,7012305_03
43289,7012305_04
43290,7012315_11
43291,7012315_10
43292,7012315_12
43293,7012315_03
43294,7012315_04
43295,7012311_11
43296,7012311_10
43297,7012311_12
43298,7012311_03
43299,7012311_04
43300,7012313_11
43301,7012313_10
43302,7012313_12
43303,7012313_03
43304,7012313_04
43305,7012317_11
43306,7012317_10
43307,7012317_12
43308,7012317_03
43309,7012317_04
43310,7012307_11
43311,7012307_10
43312,7012307_12
43313,7012307_03
43314,7012307_04
43315,7012309_11
43316,7012309_10
43317,7012309_12
43318,7012309_03
43319,7012309_04
43320,7012319_11
43321,7012319_10
43322,7012319_12
43323,7012319_03
43324,7012319_04
43325,7012301_11
43326,7012301_10
43327,7012301_12
43328,7012301_03
43329,7012301_04
43330,7012303_11
43331,7012303_10
43332,7012303_12
43333,7012303_03
43334,7012303_04
43335,7010323_11
43336,7010323_10
43337,7010323_12
43338,7010323_03
43339,7010323_04
43340,7010305_11
43341,7010305_10
43342,7010305_12
43343,7010305_03
43344,7010305_04
43345,7010313_11
43346,7010313_10
43347,7010313_12
43348,7010313_03
43349,7010313_04
43350,7010301_11
43351,7010301_10
43352,7010301_12
43353,7010301_03
43354,7010301_04
43355,7010309_11
43356,7010309_10
43357,7010309_12
43358,7010309_03
43359,7010309_04
43360,7010307_11
43361,7010307_10
43362,7010307_12
43363,7010307_03
43364,7010307_04
43365,7010315_11
43366,7010315_10
43367,7010315_12
43368,7010315_03
43369,7010315_04
43370,7010317_11
43371,7010317_10
43372,7010317_12
43373,7010317_03
43374,7010317_04
43375,7010319_11
43376,7010319_10
43377,7010319_12
43378,7010319_03
43379,7010319_04
43380,7010321_11
43381,7010321_10
43382,7010321_12
43383,7010321_03
43384,7010321_04
43385,7010303_11
43386,7010303_10
43387,7010303_12
43388,7010303_03
43389,7010303_04
43390,7010311_11
43391,7010311_10
43392,7010311_12
43393,7010311_03
43394,7010311_04
43395,7010501_11
43396,7010501_10
43397,7010501_12
43398,7010501_03
43399,7010501_04
43400,7010503_11
43401,7010503_10
43402,7010503_12
43403,7010503_03
43404,7010503_04
43405,7010505_11
43406,7010505_10
43407,7010505_12
43408,7010505_03
43409,7010505_04
43410,7010507_11
43411,7010507_10
43412,7010507_12
43413,7010507_03
43414,7010507_04
43415,7010509_11
43416,7010509_10
43417,7010509_12
43418,7010509_03
43419,7010509_04
43420,7010511_11
43421,7010511_10
43422,7010511_12
43423,7010511_03
43424,7010511_04
43425,7010513_11
43426,7010513_10
43427,7010513_12
43428,7010513_03
43429,7010513_04
43430,7010515_11
43431,7010515_10
43432,7010515_12
43433,7010515_03
43434,7010515_04
43435,7010517_11
43436,7010517_10
43437,7010517_12
43438,7010517_03
43439,7010517_04
43440,7010519_11
43441,7010519_10
43442,7010519_12
43443,7010519_03
43444,7010519_04
43445,7010521_11
43446,7010521_10
43447,7010521_12
43448,7010521_03
43449,7010521_04
43450,7010523_11
43451,7010523_10
43452,7010523_12
43453,7010523_03
43454,7010523_04
43455,7010525_11
43456,7010525_10
43457,7010525_12
43458,7010525_03
43459,7010525_04
43460,7010527_11
43461,7010527_10
43462,7010527_12
43463,7010527_03
43464,7010527_04
43465,7010529_11
43466,7010529_10
43467,7010529_12
43468,7010529_03
43469,7010529_04
43470,7010703_11
43471,7010703_10
43472,7010703_12
43473,7010703_03
43474,7010703_04
43475,7010709_11
43476,7010709_10
43477,7010709_12
43478,7010709_03
43479,7010709_04
43480,7010719_11
43481,7010719_10
43482,7010719_12
43483,7010719_03
43484,7010719_04
43485,7010723_11
43486,7010723_10
43487,7010723_12
43488,7010723_03
43489,7010723_04
43490,7010727_11
43491,7010727_10
43492,7010727_12
43493,7010727_03
43494,7010727_04
43495,7010701_11
43496,7010701_10
43497,7010701_12
43498,7010701_03
43499,7010701_04
43500,7010705_11
43501,7010705_10
43502,7010705_12
43503,7010705_03
43504,7010705_04
43505,7010707_11
43506,7010707_10
43507,7010707_12
43508,7010707_03
43509,7010707_04
43510,7010711_11
43511,7010711_10
43512,7010711_12
43513,7010711_03
43514,7010711_04
43515,7010713_11
43516,7010713_10
43517,7010713_12
43518,7010713_03
43519,7010713_04
43520,7010715_11
43521,7010715_10
43522,7010715_12
43523,7010715_03
43524,7010715_04
43525,7010717_11
43526,7010717_10
43527,7010717_12
43528,7010717_03
43529,7010717_04
43530,7010721_11
43531,7010721_10
43532,7010721_12
43533,7010721_03
43534,7010721_04
43535,7010725_11
43536,7010725_10
43537,7010725_12
43538,7010725_03
43539,7010725_04
43540,7010729_11
43541,7010729_10
43542,7010729_12
43543,7010729_03
43544,7010729_04
43545,7010901_11
43546,7010901_10
43547,7010901_12
43548,7010901_03
43549,7010901_04
43550,7010903_11
43551,7010903_10
43552,7010903_12
43553,7010903_03
43554,7010903_04
43555,7010905_11
43556,7010905_10
43557,7010905_12
43558,7010905_03
43559,7010905_04
43560,7010907_11
43561,7010907_10
43562,7010907_12
43563,7010907_03
43564,7010907_04
43565,7010909_11
43566,7010909_10
43567,7010909_12
43568,7010909_03
43569,7010909_04
43570,7010911_11
43571,7010911_10
43572,7010911_12
43573,7010911_03
43574,7010911_04
43575,7010913_11
43576,7010913_10
43577,7010913_12
43578,7010913_03
43579,7010913_04
43580,7010915_11
43581,7010915_10
43582,7010915_12
43583,7010915_03
43584,7010915_04
43585,7010917_11
43586,7010917_10
43587,7010917_12
43588,7010917_03
43589,7010917_04
43590,7010919_11
43591,7010919_10
43592,7010919_12
43593,7010919_03
43594,7010919_04
43595,7010921_11
43596,7010921_10
43597,7010921_12
43598,7010921_03
43599,7010921_04
43600,7010923_11
43601,7010923_10
43602,7010923_12
43603,7010923_03
43604,7010923_04
43605,7010925_11
43606,7010925_10
43607,7010925_12
43608,7010925_03
43609,7010925_04
43610,7010927_11
43611,7010927_10
43612,7010927_12
43613,7010927_03
43614,7010927_04
43615,7010929_11
43616,7010929_10
43617,7010929_12
43618,7010929_03
43619,7010929_04
43620,7011101_11
43621,7011101_10
43622,7011101_12
43623,7011101_03
43624,7011101_04
43625,7011103_11
43626,7011103_10
43627,7011103_12
43628,7011103_03
43629,7011103_04
43630,7011105_11
43631,7011105_10
43632,7011105_12
43633,7011105_03
43634,7011105_04
43635,7011107_11
43636,7011107_10
43637,7011107_12
43638,7011107_03
43639,7011107_04
43640,7011109_11
43641,7011109_10
43642,7011109_12
43643,7011109_03
43644,7011109_04
43645,7011111_11
43646,7011111_10
43647,7011111_12
43648,7011111_03
43649,7011111_04
43650,7011113_11
43651,7011113_10
43652,7011113_12
43653,7011113_03
43654,7011113_04
43655,7011115_11
43656,7011115_10
43657,7011115_12
43658,7011115_03
43659,7011115_04
43660,7011117_11
43661,7011117_10
43662,7011117_12
43663,7011117_03
43664,7011117_04
43665,7011119_11
43666,7011119_10
43667,7011119_12
43668,7011119_03
43669,7011119_04
43670,7011121_11
43671,7011121_10
43672,7011121_12
43673,7011121_03
43674,7011121_04
43675,7011123_11
43676,7011123_10
43677,7011123_12
43678,7011123_03
43679,7011123_04
43680,7011125_11
43681,7011125_10
43682,7011125_12
43683,7011125_03
43684,7011125_04
43685,7011127_11
43686,7011127_10
43687,7011127_12
43688,7011127_03
43689,7011127_04
43690,7011309_11
43691,7011309_10
43692,7011309_12
43693,7011309_03
43694,7011309_04
43695,7011301_11
43696,7011301_10
43697,7011301_12
43698,7011301_03
43699,7011301_04
43700,7011303_11
43701,7011303_10
43702,7011303_12
43703,7011303_03
43704,7011303_04
43705,7011317_11
43706,7011317_10
43707,7011317_12
43708,7011317_03
43709,7011317_04
43710,7011313_11
43711,7011313_10
43712,7011313_12
43713,7011313_03
43714,7011313_04
43715,7011319_11
43716,7011319_10
43717,7011319_12
43718,7011319_03
43719,7011319_04
43720,7011305_11
43721,7011305_10
43722,7011305_12
43723,7011305_03
43724,7011305_04
43725,7011315_11
43726,7011315_10
43727,7011315_12
43728,7011315_03
43729,7011315_04
43730,7011311_11
43731,7011311_10
43732,7011311_12
43733,7011311_03
43734,7011311_04
43735,7011307_11
43736,7011307_10
43737,7011307_12
43738,7011307_03
43739,7011307_04
43740,7011501_11
43741,7011501_10
43742,7011501_12
43743,7011501_03
43744,7011501_04
43745,7011519_11
43746,7011519_10
43747,7011519_12
43748,7011519_03
43749,7011519_04
43750,7011521_11
43751,7011521_10
43752,7011521_12
43753,7011521_03
43754,7011521_04
43755,7011523_11
43756,7011523_10
43757,7011523_12
43758,7011523_03
43759,7011523_04
43760,7011525_11
43761,7011525_10
43762,7011525_12
43763,7011525_03
43764,7011525_04
43765,7011527_11
43766,7011527_10
43767,7011527_12
43768,7011527_03
43769,7011527_04
43770,7011529_11
43771,7011529_10
43772,7011529_12
43773,7011529_03
43774,7011529_04
43775,7011531_11
43776,7011531_10
43777,7011531_12
43778,7011531_03
43779,7011531_04
43780,7011503_11
43781,7011503_10
43782,7011503_12
43783,7011503_03
43784,7011503_04
43785,7011505_11
43786,7011505_10
43787,7011505_12
43788,7011505_03
43789,7011505_04
43790,7011507_11
43791,7011507_10
43792,7011507_12
43793,7011507_03
43794,7011507_04
43795,7011509_11
43796,7011509_10
43797,7011509_12
43798,7011509_03
43799,7011509_04
43800,7011511_11
43801,7011511_10
43802,7011511_12
43803,7011511_03
43804,7011511_04
43805,7011513_11
43806,7011513_10
43807,7011513_12
43808,7011513_03
43809,7011513_04
43810,7011515_11
43811,7011515_10
43812,7011515_12
43813,7011515_03
43814,7011515_04
43815,7011517_11
43816,7011517_10
43817,7011517_12
43818,7011517_03
43819,7011517_04
43820,7011717_11
43821,7011717_10
43822,7011717_12
43823,7011717_03
43824,7011717_04
43825,7011721_11
43826,7011721_10
43827,7011721_12
43828,7011721_03
43829,7011721_04
43830,7011723_11
43831,7011723_10
43832,7011723_12
43833,7011723_03
43834,7011723_04
43835,7011719_11
43836,7011719_10
43837,7011719_12
43838,7011719_03
43839,7011719_04
43840,7011709_11
43841,7011709_10
43842,7011709_12
43843,7011709_03
43844,7011709_04
43845,7011725_11
43846,7011725_10
43847,7011725_12
43848,7011725_03
43849,7011725_04
43850,7011713_11
43851,7011713_10
43852,7011713_12
43853,7011713_03
43854,7011713_04
43855,7011701_11
43856,7011701_10
43857,7011701_12
43858,7011701_03
43859,7011701_04
43860,7011703_11
43861,7011703_10
43862,7011703_12
43863,7011703_03
43864,7011703_04
43865,7011711_11
43866,7011711_10
43867,7011711_12
43868,7011711_03
43869,7011711_04
43870,7011715_11
43871,7011715_10
43872,7011715_12
43873,7011715_03
43874,7011715_04
43875,7011705_11
43876,7011705_10
43877,7011705_12
43878,7011705_03
43879,7011705_04
43880,7011707_11
43881,7011707_10
43882,7011707_12
43883,7011707_03
43884,7011707_04
43885,7012901_11
43886,7012901_10
43887,7012901_12
43888,7012901_03
43889,7012901_04
43890,7012913_11
43891,7012913_10
43892,7012913_12
43893,7012913_03
43894,7012913_04
43895,7012915_11
43896,7012915_10
43897,7012915_12
43898,7012915_03
43899,7012915_04
43900,7012917_11
43901,7012917_10
43902,7012917_12
43903,7012917_03
43904,7012917_04
43905,7012919_11
43906,7012919_10
43907,7012919_12
43908,7012919_03
43909,7012919_04
43910,7012921_11
43911,7012921_10
43912,7012921_12
43913,7012921_03
43914,7012921_04
43915,7012923_11
43916,7012923_10
43917,7012923_12
43918,7012923_03
43919,7012923_04
43920,7012925_11
43921,7012925_10
43922,7012925_12
43923,7012925_03
43924,7012925_04
43925,7012903_11
43926,7012903_10
43927,7012903_12
43928,7012903_03
43929,7012903_04
43930,7012927_11
43931,7012927_10
43932,7012927_12
43933,7012927_03
43934,7012927_04
43935,7012929_11
43936,7012929_10
43937,7012929_12
43938,7012929_03
43939,7012929_04
43940,7012931_11
43941,7012931_10
43942,7012931_12
43943,7012931_03
43944,7012931_04
43945,7012933_11
43946,7012933_10
43947,7012933_12
43948,7012933_03
43949,7012933_04
43950,7012935_11
43951,7012935_10
43952,7012935_12
43953,7012935_03
43954,7012935_04
43955,7012937_11
43956,7012937_10
43957,7012937_12
43958,7012937_03
43959,7012937_04
43960,7012939_11
43961,7012939_10
43962,7012939_12
43963,7012939_03
43964,7012939_04
43965,7012905_11
43966,7012905_10
43967,7012905_12
43968,7012905_03
43969,7012905_04
43970,7012907_11
43971,7012907_10
43972,7012907_12
43973,7012907_03
43974,7012907_04
43975,7012909_11
43976,7012909_10
43977,7012909_12
43978,7012909_03
43979,7012909_04
43980,7012911_11
43981,7012911_10
43982,7012911_12
43983,7012911_03
43984,7012911_04
43985,7013417_11
43986,7013417_10
43987,7013417_12
43988,7013417_03
43989,7013417_04
43990,7013419_11
43991,7013419_10
43992,7013419_12
43993,7013419_03
43994,7013419_04
43995,7013401_11
43996,7013401_10
43997,7013401_12
43998,7013401_03
43999,7013401_04
44000,7013403_11
44001,7013403_10
44002,7013403_12
44003,7013403_03
44004,7013403_04
44005,7013405_11
44006,7013405_10
44007,7013405_12
44008,7013405_03
44009,7013405_04
44010,7013407_11
44011,7013407_10
44012,7013407_12
44013,7013407_03
44014,7013407_04
44015,7013409_11
44016,7013409_10
44017,7013409_12
44018,7013409_03
44019,7013409_04
44020,7013411_11
44021,7013411_10
44022,7013411_12
44023,7013411_03
44024,7013411_04
44025,7013413_11
44026,7013413_10
44027,7013413_12
44028,7013413_03
44029,7013413_04
44030,7013415_11
44031,7013415_10
44032,7013415_12
44033,7013415_03
44034,7013415_04
44035,7012501_11
44036,7012501_10
44037,7012501_12
44038,7012501_03
44039,7012501_04
44040,7012511_11
44041,7012511_10
44042,7012511_12
44043,7012511_03
44044,7012511_04
44045,7012513_11
44046,7012513_10
44047,7012513_12
44048,7012513_03
44049,7012513_04
44050,7012515_11
44051,7012515_10
44052,7012515_12
44053,7012515_03
44054,7012515_04
44055,7012517_11
44056,7012517_10
44057,7012517_12
44058,7012517_03
44059,7012517_04
44060,7012525_11
44061,7012525_10
44062,7012525_12
44063,7012525_03
44064,7012525_04
44065,7012519_11
44066,7012519_10
44067,7012519_12
44068,7012519_03
44069,7012519_04
44070,7012521_11
44071,7012521_10
44072,7012521_12
44073,7012521_03
44074,7012521_04
44075,7012523_11
44076,7012523_10
44077,7012523_12
44078,7012523_03
44079,7012523_04
44080,7012503_11
44081,7012503_10
44082,7012503_12
44083,7012503_03
44084,7012503_04
44085,7012505_11
44086,7012505_10
44087,7012505_12
44088,7012505_03
44089,7012505_04
44090,7012507_11
44091,7012507_10
44092,7012507_12
44093,7012507_03
44094,7012507_04
44095,7012531_11
44096,7012531_10
44097,7012531_12
44098,7012531_03
44099,7012531_04
44100,7012509_11
44101,7012509_10
44102,7012509_12
44103,7012509_03
44104,7012509_04
44105,7012527_11
44106,7012527_10
44107,7012527_12
44108,7012527_03
44109,7012527_04
44110,7012529_11
44111,7012529_10
44112,7012529_12
44113,7012529_03
44114,7012529_04
44115,7013119_11
44116,7013119_10
44117,7013119_12
44118,7013119_03
44119,7013119_04
44120,7013121_11
44121,7013121_10
44122,7013121_12
44123,7013121_03
44124,7013121_04
44125,7013103_11
44126,7013103_10
44127,7013103_12
44128,7013103_03
44129,7013103_04
44130,7013113_11
44131,7013113_10
44132,7013113_12
44133,7013113_03
44134,7013113_04
44135,7013115_11
44136,7013115_10
44137,7013115_12
44138,7013115_03
44139,7013115_04
44140,7013117_11
44141,7013117_10
44142,7013117_12
44143,7013117_03
44144,7013117_04
44145,7013123_11
44146,7013123_10
44147,7013123_12
44148,7013123_03
44149,7013123_04
44150,7013101_11
44151,7013101_10
44152,7013101_12
44153,7013101_03
44154,7013101_04
44155,7013125_11
44156,7013125_10
44157,7013125_12
44158,7013125_03
44159,7013125_04
44160,7013127_11
44161,7013127_10
44162,7013127_12
44163,7013127_03
44164,7013127_04
44165,7013111_11
44166,7013111_10
44167,7013111_12
44168,7013111_03
44169,7013111_04
44170,7013109_11
44171,7013109_10
44172,7013109_12
44173,7013109_03
44174,7013109_04
44175,7013129_11
44176,7013129_10
44177,7013129_12
44178,7013129_03
44179,7013129_04
44180,7013105_11
44181,7013105_10
44182,7013105_12
44183,7013105_03
44184,7013105_04
44185,7013107_11
44186,7013107_10
44187,7013107_12
44188,7013107_03
44189,7013107_04
44190,7013315_11
44191,7013315_10
44192,7013315_12
44193,7013315_03
44194,7013315_04
44195,7013319_11
44196,7013319_10
44197,7013319_12
44198,7013319_03
44199,7013319_04
44200,7013303_11
44201,7013303_10
44202,7013303_12
44203,7013303_03
44204,7013303_04
44205,7013305_11
44206,7013305_10
44207,7013305_12
44208,7013305_03
44209,7013305_04
44210,7013311_11
44211,7013311_10
44212,7013311_12
44213,7013311_03
44214,7013311_04
44215,7013323_11
44216,7013323_10
44217,7013323_12
44218,7013323_03
44219,7013323_04
44220,7013317_11
44221,7013317_10
44222,7013317_12
44223,7013317_03
44224,7013317_04
44225,7013309_11
44226,7013309_10
44227,7013309_12
44228,7013309_03
44229,7013309_04
44230,7013301_11
44231,7013301_10
44232,7013301_12
44233,7013301_03
44234,7013301_04
44235,7013321_11
44236,7013321_10
44237,7013321_12
44238,7013321_03
44239,7013321_04
44240,7013307_11
44241,7013307_10
44242,7013307_12
44243,7013307_03
44244,7013307_04
44245,7013313_11
44246,7013313_10
44247,7013313_12
44248,7013313_03
44249,7013313_04
44250,7012701_11
44251,7012701_10
44252,7012701_12
44253,7012701_03
44254,7012701_04
44255,7012719_11
44256,7012719_10
44257,7012719_12
44258,7012719_03
44259,7012719_04
44260,7012721_11
44261,7012721_10
44262,7012721_12
44263,7012721_03
44264,7012721_04
44265,7012723_11
44266,7012723_10
44267,7012723_12
44268,7012723_03
44269,7012723_04
44270,7012725_11
44271,7012725_10
44272,7012725_12
44273,7012725_03
44274,7012725_04
44275,7012727_11
44276,7012727_10
44277,7012727_12
44278,7012727_03
44279,7012727_04
44280,7012729_11
44281,7012729_10
44282,7012729_12
44283,7012729_03
44284,7012729_04
44285,7012703_11
44286,7012703_10
44287,7012703_12
44288,7012703_03
44289,7012703_04
44290,7012705_11
44291,7012705_10
44292,7012705_12
44293,7012705_03
44294,7012705_04
44295,7012707_11
44296,7012707_10
44297,7012707_12
44298,7012707_03
44299,7012707_04
44300,7012709_11
44301,7012709_10
44302,7012709_12
44303,7012709_03
44304,7012709_04
44305,7012711_11
44306,7012711_10
44307,7012711_12
44308,7012711_03
44309,7012711_04
44310,7012713_11
44311,7012713_10
44312,7012713_12
44313,7012713_03
44314,7012713_04
44315,7012715_11
44316,7012715_10
44317,7012715_12
44318,7012715_03
44319,7012715_04
44320,7012717_11
44321,7012717_10
44322,7012717_12
44323,7012717_03
44324,7012717_04
44325,7012819_11
44326,7012819_10
44327,7012819_12
44328,7012819_03
44329,7012819_04
44330,7012817_11
44331,7012817_10
44332,7012817_12
44333,7012817_03
44334,7012817_04
44335,7012813_11
44336,7012813_10
44337,7012813_12
44338,7012813_03
44339,7012813_04
44340,7012811_11
44341,7012811_10
44342,7012811_12
44343,7012811_03
44344,7012811_04
44345,7012815_11
44346,7012815_10
44347,7012815_12
44348,7012815_03
44349,7012815_04
44350,7012805_11
44351,7012805_10
44352,7012805_12
44353,7012805_03
44354,7012805_04
44355,7012807_11
44356,7012807_10
44357,7012807_12
44358,7012807_03
44359,7012807_04
44360,7012801_11
44361,7012801_10
44362,7012801_12
44363,7012801_03
44364,7012801_04
44365,7012809_11
44366,7012809_10
44367,7012809_12
44368,7012809_03
44369,7012809_04
44370,7012821_11
44371,7012821_10
44372,7012821_12
44373,7012821_03
44374,7012821_04
44375,7012803_11
44376,7012803_10
44377,7012803_12
44378,7012803_03
44379,7012803_04
44380,7014505_11
44381,7014505_10
44382,7014505_12
44383,7014505_03
44384,7014505_04
44385,7014507_11
44386,7014507_10
44387,7014507_12
44388,7014507_03
44389,7014507_04
44390,7014501_11
44391,7014501_10
44392,7014501_12
44393,7014501_03
44394,7014501_04
44395,7014559_11
44396,7014559_10
44397,7014559_12
44398,7014559_03
44399,7014559_04
44400,7014563_11
44401,7014563_10
44402,7014563_12
44403,7014563_03
44404,7014563_04
44405,7014509_11
44406,7014509_10
44407,7014509_12
44408,7014509_03
44409,7014509_04
44410,7014511_11
44411,7014511_10
44412,7014511_12
44413,7014511_03
44414,7014511_04
44415,7014513_11
44416,7014513_10
44417,7014513_12
44418,7014513_03
44419,7014513_04
44420,7014547_11
44421,7014547_10
44422,7014547_12
44423,7014547_03
44424,7014547_04
44425,7014549_11
44426,7014549_10
44427,7014549_12
44428,7014549_03
44429,7014549_04
44430,7014535_11
44431,7014535_10
44432,7014535_12
44433,7014535_03
44434,7014535_04
44435,7014555_11
44436,7014555_10
44437,7014555_12
44438,7014555_03
44439,7014555_04
44440,7014567_11
44441,7014567_10
44442,7014567_12
44443,7014567_03
44444,7014567_04
44445,7014561_11
44446,7014561_10
44447,7014561_12
44448,7014561_03
44449,7014561_04
44450,7014553_11
44451,7014553_10
44452,7014553_12
44453,7014553_03
44454,7014553_04
44455,7014545_11
44456,7014545_10
44457,7014545_12
44458,7014545_03
44459,7014545_04
44460,7014539_11
44461,7014539_10
44462,7014539_12
44463,7014539_03
44464,7014539_04
44465,7014541_11
44466,7014541_10
44467,7014541_12
44468,7014541_03
44469,7014541_04
44470,7014537_11
44471,7014537_10
44472,7014537_12
44473,7014537_03
44474,7014537_04
44475,7014527_11
44476,7014527_10
44477,7014527_12
44478,7014527_03
44479,7014527_04
44480,7014543_11
44481,7014543_10
44482,7014543_12
44483,7014543_03
44484,7014543_04
44485,7014531_11
44486,7014531_10
44487,7014531_12
44488,7014531_03
44489,7014531_04
44490,7014519_11
44491,7014519_10
44492,7014519_12
44493,7014519_03
44494,7014519_04
44495,7014521_11
44496,7014521_10
44497,7014521_12
44498,7014521_03
44499,7014521_04
44500,7014565_11
44501,7014565_10
44502,7014565_12
44503,7014565_03
44504,7014565_04
44505,7014551_11
44506,7014551_10
44507,7014551_12
44508,7014551_03
44509,7014551_04
44510,7014515_11
44511,7014515_10
44512,7014515_12
44513,7014515_03
44514,7014515_04
44515,7014503_11
44516,7014503_10
44517,7014503_12
44518,7014503_03
44519,7014503_04
44520,7014517_11
44521,7014517_10
44522,7014517_12
44523,7014517_03
44524,7014517_04
44525,7014529_11
44526,7014529_10
44527,7014529_12
44528,7014529_03
44529,7014529_04
44530,7014557_11
44531,7014557_10
44532,7014557_12
44533,7014557_03
44534,7014557_04
44535,7014533_11
44536,7014533_10
44537,7014533_12
44538,7014533_03
44539,7014533_04
44540,7014523_11
44541,7014523_10
44542,7014523_12
44543,7014523_03
44544,7014523_04
44545,7014525_11
44546,7014525_10
44547,7014525_12
44548,7014525_03
44549,7014525_04
